Unnamed: 0,link_id,x_vector,y_vector,a_fit,b_fit,cap_fit,fft_fit,R^2
0,0,"[1.         1.89744626 2.4704528  2.81041136 3.06037895 3.47125565
 3.59926348 3.82519279 3.92131526 4.15244644 4.02851427 4.15063175
 4.34273545 4.33455325 4.56652633 4.61687183 4.73025373 4.84019819
 4.76772328 4.81053683 4.85727782 4.97326219 4.93395142 4.9881619
 5.13155908]","[ 8.56        9.33333333  9.704       9.81428571  9.74       10.40181818
 10.55692308 10.88133333 10.80235294 10.96105263 10.64095238 10.94434783
 11.3088     11.12666667 11.40827586 11.67548387 11.76727273 11.73714286
 11.61189189 11.55384615 11.53170732 12.02744186 11.73422222 11.50425532
 11.96326531]",0.31380633837068467,1.418748067170223,4.003858894301755,8.272319706027039,0.9724814574010702
1,1,"[1.         2.10892602 2.85077501 3.37910774 3.71647972 4.091321
 4.29962998 4.71714933 4.61421985 4.93998209 4.99925584 5.29687227
 5.44786648 5.65104603 5.45621538 5.87665081 5.84050684 6.02005418
 6.26551955 6.15833138 6.5047708  6.32715155 6.36005526 6.44508865
 6.43606645]","[11.9        12.41333333 12.564      13.14       13.21333333 13.34545455
 13.72307692 14.136      13.71529412 13.68736842 13.84380952 14.54608696
 14.4136     14.81703704 14.20827586 15.04       14.86787879 15.08857143
 15.39891892 15.25179487 15.93609756 15.60604651 15.37555556 15.55276596
 15.66571429]",0.07040593360299761,2.1341775826759317,3.2585594494736605,11.994385513558457,0.9769502474777184
2,2,"[1.         2.01067006 2.34697715 2.68021019 2.78594483 2.95837254
 2.97915345 3.09003646 3.13974896 3.13640143 3.27053135 3.20142578
 3.31339897 3.33608351 3.2353026  3.29450962 3.3204921  3.32479355
 3.35110577 3.32671772 3.32530953 3.40758301 3.38076844 3.41915688
 3.40413919]","[11.18       11.19333333 11.168      11.24       11.37111111 11.52
 11.4        11.456      11.56352941 11.34631579 11.58190476 11.41652174
 11.5208     11.59185185 11.42068966 11.3683871  11.50060606 11.58228571
 11.56648649 11.37025641 11.39365854 11.57488372 11.50133333 11.51276596
 11.48979592]",0.10929235512677075,3.3650822131239093,4.773839888691073,11.13913261649981,0.6620173538101508
3,3,"[1.         1.26666044 1.35967504 1.38121546 1.41420705 1.4010634
 1.42178843 1.42025845 1.44077734 1.45822263 1.44842653 1.42898136
 1.45109097 1.45226011 1.44948759 1.45132338 1.44200111 1.44
 1.45105683 1.45316331 1.45483527 1.44501434 1.4630069  1.46179284
 1.45833428]","[3.84       4.16666667 4.196      4.26857143 4.33111111 4.05272727
 4.26615385 4.208      4.32470588 4.26631579 4.2552381  4.12173913
 4.2464     4.25555556 4.24137931 4.24709677 4.20666667 4.17257143
 4.1972973  4.23282051 4.30829268 4.20604651 4.28266667 4.26382979
 4.26122449]",0.3927126236755721,0.8000000000006805,1.0000039925904376,2.7787473374403855,0.6473618624240176
4,4,"[1.         1.85799063 2.3644511  2.73188214 2.72450352 3.00813344
 2.97065682 3.21440153 3.12871341 3.20290003 3.16861949 3.21643602
 3.23746656 3.20231908 3.25726608 3.29045174 3.22132714 3.34577679
 3.36088985 3.35840819 3.36318389 3.36260381 3.39204641 3.4065794
 3.37515975]","[10.82       11.19333333 11.688      11.40571429 11.33111111 11.40545455
 11.24       11.83333333 11.50117647 11.44736842 11.5152381  11.60173913
 11.3896     11.36296296 11.33103448 11.44709677 11.49575758 11.44228571
 11.48864865 11.45333333 11.48439024 11.48232558 11.59466667 11.57319149
 11.49714286]",0.0,0.0,1.0,11.440996202266792,1.0
5,5,"[1.         1.97985975 2.45645533 2.83987881 3.0924231  3.42323376
 3.81212995 3.79021585 3.98394553 4.07777146 4.13658795 4.20769722
 4.36003488 4.62528401 4.72205686 4.65874474 4.61449712 4.77801673
 4.74747167 5.00396452 5.01699567 5.02042993 5.21657364 5.21396567
 5.30137524]","[ 8.74        9.22        9.624       9.89142857 10.11111111 10.43272727
 10.92769231 10.672      10.79411765 11.01684211 10.86       11.04608696
 11.2768     11.4237037  11.92344828 11.61419355 11.50666667 11.672
 11.44324324 11.92615385 12.12926829 11.87069767 12.412      12.31234043
 12.23959184]",0.2574855670980537,1.6666225182796894,3.8167769063379184,8.527650831789165,0.9852498036602639
6,6,"[1.         1.71954526 1.95800903 2.24266002 2.45631054 2.73078831
 2.68137979 2.81745781 2.95606124 3.1437083  2.92939492 3.17478888
 3.15607427 3.22770533 3.30922293 3.19326704 3.45078785 3.32833355
 3.45220297 3.39380284 3.40322453 3.46211316 3.42290888 3.44186874
 3.50221773]","[6.         6.44666667 6.46       6.48       7.27777778 7.54
 7.10153846 7.45466667 7.90705882 7.69894737 7.39047619 7.51391304
 7.7672     7.8962963  7.95172414 7.84451613 8.25636364 7.97714286
 8.22216216 7.88717949 8.14439024 8.07395349 8.07244444 7.95361702
 8.2322449 ]",0.3601942487398125,1.753694552742933,3.111137879352025,5.672776339866032,0.9363636302126118
7,7,"[1.         2.06590257 2.73463015 3.09118876 3.51081431 3.91963551
 4.27321681 4.45493783 4.94709965 5.20101276 5.64668115 5.50008957
 5.90731249 6.14092199 6.19054417 6.66762427 6.76827172 6.99909096
 7.23167346 7.15364855 7.37140416 7.53983671 7.7184215  8.07294712
 8.22964653]","[10.64       11.60666667 12.532      12.39142857 13.13777778 14.05090909
 14.82923077 14.916      16.33764706 16.43684211 18.08952381 16.95826087
 18.2896     18.64888889 18.51103448 19.80322581 20.20666667 20.82857143
 21.10864865 20.93435897 21.67317073 22.00651163 22.62622222 23.38680851
 23.9322449 ]",0.04090380890253115,1.6653505538682873,1.0000000506821791,10.10958066442509,0.9970262664545614
8,8,"[1.         1.68209407 2.03333335 2.20940575 2.62724039 2.6947136
 2.76604358 3.00004011 2.92946696 2.96433917 3.12486122 3.06010146
 3.09473516 3.08494374 3.23953229 3.25149915 3.2508578  3.25829684
 3.23801282 3.28294728 3.35920025 3.42910971 3.3251543  3.42964844
 3.42451607]","[5.96       5.92       6.712      6.42285714 7.27111111 7.35636364
 7.37076923 7.79066667 7.63294118 7.33684211 7.88095238 7.67391304
 7.7488     7.36296296 7.85172414 7.89548387 8.06060606 7.756
 7.79405405 7.89384615 8.00390244 8.06930233 7.84533333 8.14680851
 8.03959184]",0.1561796957451363,1.7434938993404077,1.8111924829905146,5.495772719319641,0.9360766742878219
9,9,"[1.         1.64791692 2.04571613 2.26903574 2.46236398 2.71699759
 2.77824559 2.92198871 2.94975901 2.99299108 2.87792265 3.04233513
 3.07866054 3.1479071  3.20011602 3.33228007 3.22008306 3.10510681
 3.26660589 3.37146008 3.24257913 3.33149366 3.31110045 3.42502113
 3.37793649]","[5.94       6.24666667 6.684      6.57714286 7.10444444 7.36181818
 7.16307692 7.85733333 7.54       7.42210526 7.28       7.86695652
 7.604      7.78518519 7.85241379 8.32258065 7.82060606 7.46514286
 7.8827027  8.10512821 7.75073171 7.91395349 7.94444444 7.98468085
 7.90040816]",0.3462635299764761,1.8377071996143355,3.0362618439291253,5.655735824108431,0.9304088445905435
10,10,"[1.         1.79535782 2.04669501 2.3528937  2.49332286 2.56174648
 2.88006052 2.80179632 2.99982006 3.05581671 3.11277921 3.12791185
 3.25313507 3.1199363  3.29379496 3.32196369 3.43972684 3.43485019
 3.34548946 3.35974201 3.47632194 3.49463009 3.38136469 3.45823023
 3.56504914]","[5.86       6.77333333 6.256      6.92       7.06       7.04363636
 7.51538462 7.33333333 7.62470588 7.55894737 7.71619048 7.84434783
 8.064      7.3837037  7.96344828 7.99741935 8.13030303 8.17314286
 7.92216216 7.96923077 8.1795122  8.26093023 7.95022222 8.04638298
 8.30244898]",0.14307341085163308,1.8677873674180545,1.9140043177883228,5.685034599348497,0.9508726806265815
11,11,"[1.         2.08446629 2.84653433 3.27832706 3.7700379  4.06971632
 4.49846512 4.73834096 4.63180169 5.09283761 5.05414905 5.36732769
 5.23072073 5.20032646 5.65803282 5.55413128 5.91284481 5.8841714
 6.27665936 5.96438518 6.15790747 6.24168534 6.14493296 6.45445785
 6.60631092]","[12.         12.27333333 12.84       12.79142857 12.85333333 13.76909091
 14.01384615 14.37733333 13.89529412 14.66947368 14.18666667 14.64869565
 14.2784     13.71481481 14.41241379 14.49032258 14.93515152 14.98685714
 15.77621622 14.85948718 15.33658537 15.36046512 15.06311111 15.61106383
 15.99061224]",0.08404756887214151,1.9226287939050233,3.281468037806274,11.9198810196868,0.9421068992484113
12,12,"[1.         1.82065109 2.35207424 2.52759927 2.65526696 2.99597763
 3.07565364 3.11485476 3.38578857 3.49303571 3.54216322 3.54953644
 3.52920108 3.5282838  3.72346503 3.88595266 3.88359646 3.82236
 3.91405031 4.02406939 4.04163858 4.0340809  3.94114    3.92964565
 3.88161549]","[6.96       7.47333333 7.772      8.08       7.77555556 8.60727273
 8.71384615 8.32666667 8.84117647 9.11578947 8.61904762 9.05826087
 8.7408     8.79259259 9.31862069 9.47548387 9.37212121 9.30914286
 9.42216216 9.60461538 9.82       9.58186047 9.29955556 9.26170213
 9.06367347]",0.6649890270975417,1.855710550509392,5.257813387989173,6.78599576217198,0.9432459481608995
13,13,"[1.         2.06897272 2.65477977 3.22395379 3.63909167 3.86429862
 4.07353635 4.13677924 4.38543425 4.60240528 5.20070884 4.89918185
 4.89852231 4.99964613 5.30083774 5.30400498 5.47399409 5.83538758
 5.73239474 5.71240382 5.8174863  5.61604374 5.88295818 5.53714173
 6.27869567]","[10.94       11.08666667 11.468      12.00571429 12.46222222 12.45272727
 12.48923077 12.40533333 12.40823529 12.59473684 13.96857143 13.04347826
 13.1216     13.27925926 13.60551724 13.4683871  13.91757576 14.38571429
 13.99675676 13.89435897 14.36146341 13.71069767 14.27155556 13.5706383
 14.95714286]",0.13550335619308795,2.168614029146304,4.019469147522528,10.90097495350626,0.9642770733558157
14,14,"[1.         1.87184853 2.2380021  2.49610502 2.65361455 3.0330472
 3.0948713  3.23940341 3.43960566 3.53149784 3.53173834 3.75691622
 3.62470023 3.80066665 3.73697657 3.77497977 3.99906968 3.9668074
 4.09410823 4.10374574 4.1796399  4.32273632 4.20982703 4.09484361
 4.18782037]","[6.94       7.56666667 7.832      7.66285714 7.97555556 8.58363636
 8.65692308 8.65066667 8.59529412 9.32526316 8.80190476 9.38521739
 9.052      9.30666667 9.17931034 9.11225806 9.71939394 9.56742857
 9.58432432 9.63282051 9.94341463 9.98976744 9.73555556 9.68170213
 9.72979592]",0.42081749781880967,1.8366044159969521,4.035644706831388,6.7557758494270335,0.9689388447429641
15,15,"[1.         2.23152766 2.93462976 3.54601336 3.7522574  4.27333768
 4.56630991 4.87216487 4.9595558  5.16603546 5.53585209 5.55200691
 5.77522789 5.94109655 5.90237373 6.33123274 6.32175713 6.29599046
 6.49906404 6.94284381 6.63523857 6.76840716 6.94658121 6.71791699
 6.79022332]","[12.98       12.97333333 13.724      13.71714286 13.82888889 14.80727273
 14.90461538 14.96266667 15.03764706 15.31684211 15.87333333 15.67826087
 16.0568     16.42666667 15.92137931 17.10258065 16.83030303 16.52057143
 16.62864865 18.05589744 16.72243902 16.98139535 17.568      16.81787234
 16.88163265]",0.08369299159818708,2.0172693309879346,3.31956471461812,12.725994343990472,0.9676696268110281
16,16,"[1.         2.1736175  2.80463265 3.33406832 3.67577528 4.02413508
 4.40593114 4.33672606 4.73668343 4.88808848 5.09938553 5.53038408
 5.33002991 5.26656056 5.67217063 5.55815467 5.86611617 6.05241702
 6.04924702 6.17078961 6.11068648 6.10252146 6.35030581 6.20499546
 6.54319882]","[11.84       12.10666667 12.76       12.84571429 13.33777778 13.21090909
 13.47846154 13.13333333 13.72705882 13.94842105 14.08285714 15.00347826
 14.624      13.97555556 15.08       14.50129032 15.1169697  15.08057143
 15.2627027  15.62717949 15.11512195 14.81162791 15.59377778 14.95361702
 15.69265306]",0.07812195630339992,2.010875550029155,3.187454965522472,11.79920576882518,0.9563115985746234
17,17,"[1.         2.11605574 2.86428418 3.29093665 3.82961179 3.94242074
 4.20132766 4.55958642 4.87065584 4.84631449 5.23348187 5.20659922
 5.47463862 5.45436937 5.66027818 5.73336205 5.67512178 5.94033531
 6.00956961 6.1428714  6.46041231 6.20018878 6.42517337 6.38556164
 6.4650614 ]","[11.82       12.47333333 12.744      12.68285714 13.38444444 13.12181818
 13.58153846 13.68       14.32823529 13.78       14.50571429 14.11043478
 14.5824     14.48       14.59724138 14.80580645 14.60848485 15.00857143
 14.79297297 15.55282051 15.76195122 15.43581395 15.36355556 15.37276596
 15.51306122]",0.08182596351918407,1.9044845978331195,3.195024734320991,11.845194709518804,0.974053696495247
18,18,"[1.         2.09871972 2.85592613 3.20393274 3.58934196 3.89628381
 4.0472621  4.35103507 4.62496003 4.59222525 4.6985741  4.98829977
 4.98550008 5.31464064 5.53913387 5.63539367 5.64714069 5.77020873
 5.64129036 5.73990781 5.66596255 5.95775302 5.70051659 6.04265543
 6.0900854 ]","[10.74       11.38       11.988      11.75142857 12.66666667 12.24909091
 12.31538462 12.76666667 13.30352941 12.94       12.96571429 13.64521739
 13.2616     13.84444444 14.06137931 14.36709677 14.13272727 14.576
 14.15567568 14.08923077 13.73365854 14.40046512 13.94888889 14.27914894
 14.42040816]",0.13639395862608988,1.6555925977883394,3.354047519102786,10.628470764606837,0.9592088360450463
19,19,"[1.         2.11316261 2.90459033 3.5641433  4.1999877  4.25888684
 4.57293735 4.88526823 5.40705255 5.46386676 5.65157434 5.61143003
 5.95431352 6.16497256 5.99045724 6.04181059 6.39486187 6.65761171
 6.65116811 6.81708534 7.14211727 7.04846222 6.91881467 7.02346946
 7.34829339]","[14.1        14.26       14.38       14.73714286 15.06222222 14.82909091
 15.24153846 15.60933333 16.56941176 15.81684211 16.15904762 16.31130435
 16.644      17.19851852 16.22275862 16.0116129  16.75454545 17.26685714
 17.57081081 17.13897436 18.03268293 17.26930233 17.13555556 17.29787234
 17.72204082]",0.7806781413600593,2.137202946205972,11.81836695426078,13.929669916115525,0.9425672162947146
20,20,"[1.         2.23525918 2.98126614 3.55897102 3.91084087 4.31764236
 4.7422925  4.98200934 5.23850166 5.37571017 5.64562022 5.89143106
 5.87497225 6.05309002 6.18600581 6.3861715  6.70542664 6.45406688
 6.61118789 7.01637272 7.02217627 6.94879341 7.30707554 7.15819617
 7.52181985]","[14.         14.28666667 14.876      15.04285714 14.67555556 15.37636364
 15.19692308 15.47466667 15.74117647 15.90736842 16.29428571 16.78608696
 16.16       16.76074074 16.60965517 16.80516129 17.38424242 17.12571429
 16.89189189 17.61589744 17.48536585 17.62744186 18.072      17.56425532
 18.14      ]",0.77758362226946,2.3407274434936958,11.428329709157426,14.084420638435066,0.97478835846505
21,21,"[1.         1.84695361 2.36142201 2.67443955 2.93403878 3.1955708
 3.30281093 3.60489847 3.64490368 3.87959894 3.99792099 3.92824856
 4.10368891 4.23937472 4.06858712 4.31827027 4.34537613 4.57221064
 4.69162188 4.61710958 4.54597664 4.58569179 4.6368975  4.78262248
 4.77073712]","[ 7.8         8.59333333  8.696       8.96285714  9.06888889  9.24727273
  9.51076923  9.96        9.83529412 10.06       10.44952381 10.0173913
 10.5032     10.36888889 10.18758621 10.6516129  10.68242424 10.69657143
 11.04540541 10.71025641 10.86634146 10.73023256 10.78222222 11.18382979
 11.08530612]",0.18481641644977384,1.5828881976789024,2.694691562131188,7.588864957821683,0.9804277458841224
22,22,"[1.         1.90770944 2.32534321 2.70044193 2.87875541 3.1754176
 3.3617268  3.48075553 3.60990444 3.69464868 3.89319215 3.98818625
 4.15563664 4.10577469 4.29212382 4.26002096 4.1852418  4.36848838
 4.28558021 4.44133977 4.36879878 4.45519278 4.45601152 4.47013146
 4.6731672 ]","[ 7.68        8.42        8.288       8.96857143  9.11111111  9.37636364
  9.45538462  9.636       9.57882353  9.62315789 10.29047619 10.
 10.5368     10.41851852 10.54068966 10.50193548 10.18606061 10.59885714
 10.1227027  10.76666667 10.5097561  10.55348837 10.61688889 10.65446809
 10.96040816]",0.3599180650557938,1.5861850548320326,3.934642025580805,7.405417663102946,0.9701032018128148
23,23,"[1.         2.24520099 2.98239922 3.45672342 4.01893817 4.39640027
 4.8443159  4.94118971 5.34548433 5.42276472 5.44817179 5.89937162
 5.82950729 6.05584865 6.07523825 6.07471114 6.52281726 6.41147086
 6.50506933 6.71009383 6.66685972 6.73557414 7.0476801  7.06938237
 6.88788428]","[13.84       14.42666667 14.22       14.64285714 15.28888889 15.39090909
 15.68153846 15.71866667 15.83058824 15.99052632 15.64       16.62695652
 16.416      16.67851852 16.56068966 16.46387097 17.47757576 16.70228571
 17.16216216 17.17076923 16.75658537 16.62604651 17.48       17.43787234
 16.94897959]",0.12622636964680192,1.751356267576409,4.607169049556452,13.721704289523428,0.950389788173013
24,24,"[1.         2.21727605 2.90127111 3.36421521 3.98778551 4.12748182
 4.37281565 4.36716873 4.63430418 4.80465967 4.76635993 4.96422226
 5.11918571 5.03627039 5.21799414 5.23098653 5.26600949 5.41094986
 5.40280053 5.4428402  5.36801868 5.48328209 5.40793787 5.47879358
 5.58018298]","[13. 13. 13. 13. 13. 13. 13. 13. 13. 13. 13. 13. 13. 13. 13. 13. 13. 13.
 13. 13. 13. 13. 13. 13. 13.]",0.0,0.0,1.0,13.0,1.0
25,25,"[1.         1.90906391 2.26518651 2.60803403 2.95617106 3.25341745
 3.49552872 3.7585918  3.7622137  4.04055528 4.20098798 4.32639954
 4.27445627 4.46681488 4.51657237 4.71915943 4.67900894 4.85641721
 5.03634327 5.01794717 5.27820119 5.29229796 5.4869998  5.51627542
 5.43580107]","[ 7.9         8.35333333  8.78        9.14571429  9.64666667  9.88545455
 10.51538462 10.99333333 10.83882353 11.26210526 11.60190476 11.61304348
 11.24       11.82222222 11.72482759 12.30774194 12.41030303 12.45028571
 12.97513514 12.62       13.37853659 13.13348837 13.71511111 13.64978723
 13.57183673]",0.36294325275374495,1.6476971546640393,3.2806834014224235,7.391560465227259,0.9931210950976798
26,26,"[ 1.          2.32618449  3.24520847  4.07711418  4.73559466  5.17357377
  5.67686942  6.08252699  6.61426434  7.08413755  7.55989831  7.65218107
  7.67730712  8.06382118  8.58977813  8.90573629  9.32819946  9.56868039
  9.72968638  9.86333034 10.11126563 10.57404399 10.51974419 11.0104289
 11.14695501]","[19.84       20.4        21.264      21.32857143 22.42       22.82363636
 24.06153846 23.608      25.03764706 26.06       27.1847619  27.37043478
 26.4984     27.3362963  29.14758621 29.97935484 30.62       31.16857143
 31.01189189 30.85641026 31.85268293 33.20511628 32.78666667 34.1106383
 34.15061224]",0.8972076509975734,1.8530086489692872,12.10887453790146,19.471393548464,0.9935624794883601
27,27,"[1.         1.22676984 1.2984226  1.3057172  1.31813444 1.34690737
 1.36750956 1.36580165 1.35875517 1.38102502 1.36182316 1.36096969
 1.36618993 1.37210875 1.36908575 1.35441943 1.36866248 1.37732043
 1.38686848 1.37756505 1.37650226 1.37480379 1.37875806 1.38308542
 1.37697747]","[2.7        3.23333333 3.248      3.25714286 3.34222222 3.22181818
 3.48153846 3.388      3.31647059 3.38631579 3.30761905 3.29391304
 3.3368     3.37259259 3.31103448 3.18709677 3.26060606 3.33714286
 3.41027027 3.27692308 3.34829268 3.30744186 3.27422222 3.34765957
 3.30530612]",2.6932315651503598,0.8000000000000491,1.0001287053266208,0.7465902907865787,0.7886378387172353
28,28,"[1.         2.13853831 2.84068202 3.51618133 3.75411058 4.0976571
 4.50819089 4.5167762  4.55353534 4.76275145 4.92303514 5.26526496
 5.13665757 5.20619182 5.29893318 5.44884083 5.5036792  5.78783914
 5.77647235 5.82833526 6.01340363 5.91221806 5.98872706 6.1708206
 6.14062257]","[11.84       12.18666667 12.376      13.33142857 12.87777778 13.26
 13.64307692 13.372      13.55411765 13.64210526 13.84285714 14.2626087
 13.8144     13.82740741 14.05586207 14.14129032 14.26909091 14.74457143
 14.63081081 14.79025641 15.01268293 14.81116279 14.81333333 14.95404255
 15.20979592]",0.11475866757011859,2.1309789361144005,4.13692548228945,11.860903707755046,0.9704624206529863
29,29,"[1.         1.69273238 2.012048   2.37627854 2.35223654 2.76632644
 2.79834646 2.98994981 2.85797589 3.01247104 3.13126039 3.24886032
 3.23566763 3.29755842 3.21077297 3.21384814 3.38644076 3.2981597
 3.25575818 3.46007178 3.3971877  3.505604   3.40066404 3.33125139
 3.37876056]","[5.86       6.65333333 6.472      7.13142857 6.84666667 7.40363636
 7.52461538 7.7        7.25176471 7.53157895 7.80571429 8.11565217
 7.9416     7.92074074 7.73448276 7.87419355 7.97878788 7.84742857
 7.63405405 8.13333333 7.96585366 8.32046512 7.93377778 7.68680851
 7.82938776]",0.47723529306517637,1.3838639871598981,3.4389442989712995,5.442664039619477,0.9378029712086214
30,30,"[1.         2.24172802 2.910937   3.63351097 3.93958346 4.46275704
 4.46671969 5.12515764 5.19010772 5.59370639 5.74425133 5.83341646
 6.36051909 6.28474127 6.27352995 6.63562935 6.69708117 6.77774965
 7.07485041 7.20104045 7.3110114  7.35473914 7.03137658 7.35316218
 7.5181639 ]","[13.94       14.34666667 14.632      15.48571429 15.77777778 16.00727273
 15.79538462 16.84666667 16.46117647 17.08       17.50761905 17.42782609
 18.5864     18.13481481 17.76482759 18.6        18.5630303  18.372
 19.77459459 19.86153846 19.47512195 19.62418605 18.74622222 19.3787234
 19.5277551 ]",0.10995813477712946,1.9242982672223907,3.67116238447206,13.798255280719872,0.9792701572245002
31,31,"[1.         1.29141397 1.37039663 1.41507844 1.41846368 1.42486325
 1.43452166 1.41715682 1.42857363 1.42151459 1.42777703 1.44334084
 1.44862723 1.44778376 1.44531175 1.45141577 1.45254679 1.46391851
 1.44910957 1.43976571 1.44854586 1.44348764 1.45556313 1.46180412
 1.44916096]","[3.84       4.22666667 4.292      4.32571429 4.27111111 4.15090909
 4.21846154 4.19733333 4.21058824 4.23578947 4.1047619  4.27913043
 4.3064     4.26666667 4.18551724 4.20193548 4.27636364 4.24
 4.25513514 4.18205128 4.21073171 4.1944186  4.26622222 4.27744681
 4.20326531]",0.35499613055448886,0.8000000000018285,1.0000066501642115,2.872073579502455,0.608264204916164
32,32,"[1.         2.28016695 3.12175375 3.61571344 4.06154435 4.23609263
 4.40804518 4.63374133 4.91937735 5.07955654 5.03656486 5.25471466
 5.21262462 5.28868357 5.39843235 5.53377544 5.4528559  5.58845115
 5.4858027  5.60295424 5.57889508 5.70807084 5.62324664 5.69807949
 5.67195202]","[20.08       20.31333333 20.312      20.50571429 20.30444444 20.12909091
 20.48       20.396      20.45058824 20.52421053 20.45333333 20.52347826
 20.5384     20.57851852 20.4937931  20.62387097 20.56545455 20.648
 20.52918919 20.52512821 20.50487805 20.57348837 20.50044444 20.50808511
 20.43959184]",0.9418264238927319,1.1450445833364906,137.54558139940815,20.05448290335391,0.6243836870824048
33,33,"[1.         1.96755789 2.5061321  2.80183209 3.33615245 3.38381428
 3.46466139 3.89189934 3.97426711 4.00597284 4.44630228 4.47466659
 4.69034425 4.66089798 4.80189459 4.71989967 4.86615871 4.69850843
 4.99810465 4.79392256 5.25234892 4.91643341 5.22667735 5.22006166
 5.4189835 ]","[ 9.16        9.53333333  9.836       9.72857143 10.30888889 10.51454545
 10.22769231 10.79733333 11.07529412 10.77789474 11.6447619  11.54608696
 11.8576     11.73851852 12.36689655 11.78193548 11.84242424 11.69542857
 12.06432432 11.79076923 12.87560976 11.88418605 12.30444444 12.21829787
 12.7322449 ]",0.1758333847896718,2.2087521793559297,3.7057984462802698,9.068381601707696,0.9710698505927994
34,34,"[1.         1.67112818 2.07467429 2.41001707 2.36462625 2.66797185
 2.63421241 2.77896744 2.83726755 2.84827048 2.96161682 3.02512028
 3.2382508  3.05100199 3.28677632 3.20085524 3.20808646 3.31377814
 3.22009291 3.45304852 3.26315595 3.312749   3.36254382 3.37719502
 3.23338205]","[5.96       6.4        6.388      7.00285714 6.65555556 7.22
 7.01076923 7.35466667 7.38352941 7.25473684 7.67238095 7.76086957
 8.1424     7.61333333 7.93241379 7.81677419 7.80545455 7.98
 7.73405405 8.29641026 7.73463415 7.97534884 7.94044444 7.92851064
 7.64816327]",0.061654908877038145,2.1702390469359227,1.4420198793918335,5.791657032734358,0.9541942288331389
35,35,"[1.         1.94542428 2.61880559 2.98654487 3.46568327 3.66253322
 3.66226306 4.09021225 4.08192749 4.28432276 4.12587696 4.51598178
 4.46224005 4.51404271 4.69959894 4.5709438  4.78261869 4.81528792
 4.76581047 4.73542011 4.88750939 4.91444704 4.80634466 4.82806184
 4.88760978]","[ 7.8         8.26        8.86        9.00285714  9.97333333 10.06909091
  9.66       10.24       10.01764706 10.57684211 10.26857143 10.72782609
 10.7272     10.80518519 10.92758621 10.36193548 11.09878788 10.968
 10.90162162 10.98051282 11.3004878  11.25255814 10.89244444 10.80212766
 10.84571429]",0.45995064581107586,1.415792668885439,4.5532836217381005,7.342014222538719,0.9662379140684972
36,36,"[1.         2.30627168 3.12490664 3.62167598 4.01014987 4.23258296
 4.45249922 4.66200183 4.88092367 5.07246485 5.00548428 5.28462138
 5.32274259 5.39033468 5.57558699 5.53871986 5.602071   5.76300876
 5.69509683 5.84407156 5.83904576 5.84844127 5.91165038 5.89701445
 5.96669421]","[14. 14. 14. 14. 14. 14. 14. 14. 14. 14. 14. 14. 14. 14. 14. 14. 14. 14.
 14. 14. 14. 14. 14. 14. 14.]",0.0,0.0,1.0,14.0,1.0
37,37,"[1.         1.82682623 2.30301106 2.83489156 3.01716167 3.34930629
 3.17818158 3.42612601 3.52010077 3.67137343 3.78906672 3.89343094
 4.1204102  4.18674681 4.1378048  4.13423624 4.36557773 4.23015588
 4.24474618 4.37155653 4.31034071 4.4720486  4.53888969 4.51080801
 4.46983578]","[ 7.88        8.20666667  8.604       9.12285714  9.17777778  9.38545455
  9.03538462  9.30533333  9.39764706  9.66210526  9.77904762  9.94782609
 10.5232     10.50444444 10.27931034 10.2283871  10.5769697  10.34628571
 10.33351351 10.4974359  10.13804878 10.67906977 10.74622222 10.69574468
 10.4877551 ]",0.1446389950634672,1.9824028171512476,2.777947773576193,7.75565957891822,0.9740395951814803
38,38,"[1.         2.26414587 2.99520476 3.60377156 4.0696457  4.5621487
 4.67872955 5.04486795 5.26625033 5.30930293 5.58853756 5.77973629
 5.71641536 6.03022423 6.09226769 6.11052488 6.46224014 6.41687766
 6.40196062 6.63637175 6.54376855 6.89256268 7.0622678  6.97293434
 6.89421645]","[14.1        14.21333333 14.6        15.30285714 15.33555556 15.50545455
 15.53692308 15.90666667 16.13764706 15.57052632 16.1152381  16.81478261
 15.7504     16.14148148 16.31724138 16.20967742 16.54060606 16.55314286
 16.81405405 16.91487179 16.56780488 17.52093023 17.80888889 17.30297872
 16.96857143]",0.7066201642007176,2.00442478531448,12.413336177376538,14.089637390736165,0.9180228607253267
39,39,"[1.         2.17546412 2.99906615 3.60331858 4.05266306 4.60845359
 4.79805449 5.00902784 5.13538741 5.64380889 5.40484946 5.80033511
 5.85721065 6.19326593 6.54375021 6.2673792  6.47654501 6.84160215
 6.56838572 6.65092341 6.76908143 7.20942076 7.05133419 7.27749514
 7.36222591]","[14.02       14.06666667 14.852      14.79428571 14.97555556 15.46181818
 16.04       15.76133333 15.52117647 16.41157895 15.78761905 16.20521739
 16.0048     16.7162963  17.24965517 16.71677419 16.53636364 17.56628571
 16.70648649 16.81179487 17.09414634 17.86372093 17.34933333 18.02851064
 18.02122449]",0.09828954628477556,2.2763468015461843,4.70287451616264,14.055182665117476,0.9579598619214089
40,40,"[1.         2.3011472  3.00306607 3.54287519 4.10388512 4.38481326
 4.60063158 4.93513372 5.17360095 5.47446039 5.59383485 5.59984764
 5.99496246 6.10345271 6.46031487 6.33309885 6.4914121  6.44256117
 6.9664722  6.59702328 7.04651913 6.95791303 7.18805075 6.98706666
 7.19805673]","[13.74       14.12666667 14.672      15.33142857 15.42       15.45272727
 15.36307692 15.57733333 15.81529412 16.14947368 15.73714286 15.67043478
 16.876      16.41925926 16.95724138 16.84129032 17.01393939 16.61142857
 17.46486486 16.74923077 17.65219512 17.42604651 17.73111111 17.27531915
 17.51755102]",0.7457676811240208,1.840057110130077,12.468734789771105,13.814410416171226,0.9550043614377504
41,41,"[1.         1.7059751  2.11562283 2.48462368 2.68928554 3.17292345
 3.03203318 3.30772073 3.36448151 3.55480277 3.58981306 3.81614603
 3.6506471  3.58875479 3.84148839 3.90917292 3.99052492 4.20076978
 4.15533954 4.29072011 3.92891806 4.27396315 4.22437476 4.22267685
 4.23000579]","[ 7.1         7.14        7.348       7.69428571  7.91333333  9.01090909
  8.58769231  8.8         8.82        8.89578947  8.99333333  9.5226087
  9.1008      8.91037037  9.38551724  9.33806452  9.52484848 10.00685714
  9.79783784 10.04307692  9.31219512  9.95395349  9.75911111  9.81191489
  9.70326531]",0.41464758833160714,1.8711247956054078,3.9279367749296656,6.689629798045234,0.9689847096882712
42,42,"[1.         2.23999187 3.02085738 3.57102634 3.9542581  4.45354316
 4.82208359 4.92048311 5.07041581 5.62145177 5.6827639  5.72370531
 6.07553391 6.16986362 6.44142807 6.32526836 6.62800666 6.47898321
 6.66541162 7.14864912 6.72161378 6.87151802 6.9573213  6.77929947
 7.11864131]","[13.6        14.25333333 14.788      14.73714286 15.12444444 15.66727273
 15.99384615 15.36533333 15.72705882 16.38       15.87142857 15.95652174
 16.8608     16.41703704 17.01034483 16.81741935 17.42363636 16.66342857
 16.92756757 18.11128205 16.84390244 17.4255814  17.25777778 16.93659574
 17.36326531]",0.23467740995226288,1.6925389446060461,6.395661694567176,13.64320798327303,0.9435005380776267
43,43,"[1.         2.34388655 3.30623962 3.86331126 4.51856299 4.99053271
 5.23713727 5.36945384 5.72914993 6.14298832 6.15111305 6.41866532
 6.87578536 6.99927519 7.23941126 7.03330264 7.17287653 7.89860331
 7.95980398 7.78441397 7.72407984 7.85879303 7.85969161 8.24888879
 8.5063929 ]","[13.98       14.24       14.58       15.08571429 15.71555556 15.95272727
 16.13384615 16.31066667 16.04470588 16.79894737 16.84857143 17.09043478
 18.2712     17.7237037  18.21448276 17.50709677 17.54424242 19.15485714
 19.60810811 18.36769231 18.24243902 18.98976744 18.15955556 19.52553191
 19.54204082]",0.11947359408217971,2.040092982020051,4.623781253151364,13.892692582995569,0.9651235175307669
44,44,"[1.         2.2525     3.         3.51       3.90373626 4.15483333
 4.3630719  4.59357895 4.71907792 4.82202899 4.97649231 5.03640212
 5.15733333 5.14764113 5.32465241 5.30181046 5.35320057 5.45190621
 5.50265389 5.64097917 5.5941928  5.67534862 5.65579184 5.77957888
 5.68319868]","[6.         6.00666667 6.         6.01714286 6.05333333 6.02727273
 6.03384615 6.08533333 6.07058824 6.06947368 6.12666667 6.10782609
 6.1464     6.07333333 6.20137931 6.12193548 6.14727273 6.18114286
 6.18702703 6.28051282 6.22243902 6.26325581 6.22133333 6.31659574
 6.19428571]",0.11421632962474437,4.999999999999999,6.93414235826356,5.98451039968866,0.9023754568472128
45,45,"[ 1.          2.51097122  3.6883608   4.58698758  5.44201427  6.08895337
  6.85822954  7.32855945  8.07018353  8.73515284  9.42547335  9.71095054
 10.18055193 10.86520869 11.53744011 11.74406976 12.51760158 12.9011625
 13.53515029 14.17632544 14.69668061 15.35290766 15.39813645 16.66604494
 16.75533666]","[13.7        14.94       15.976      16.90571429 17.61555556 18.19272727
 19.47846154 19.576      21.30117647 22.03157895 23.0247619  23.30869565
 23.716      25.93703704 26.77862069 26.74064516 28.10181818 28.96742857
 30.12972973 30.92564103 32.59804878 34.15255814 32.67511111 36.8306383
 36.16326531]",0.6522820618628711,1.5378536470281174,9.0412553245061,13.584129290077733,0.9972175935484093
46,46,"[1.         1.84120065 2.3640713  2.68472073 3.01933083 3.19423912
 3.32698095 3.53358564 3.56987579 3.83304995 3.7444533  4.03288436
 3.89400447 4.08202756 3.91805498 4.14400071 4.27364313 4.22293618
 4.25519116 4.44920851 4.44814307 4.53627799 4.39387264 4.29193556
 4.48542122]","[ 7.58        8.24666667  8.492       8.76857143  9.12444444  9.49090909
  9.44        9.72266667 10.09176471 10.18421053  9.55238095 10.16086957
  9.9808     10.28888889  9.79793103 10.35935484 10.29333333 10.37314286
 10.37513514 10.74051282 10.47609756 10.67534884 10.35644444 10.23446809
 10.61959184]",0.37227261365465897,1.2638971641703862,3.5101479675607132,7.02759725548768,0.9658444947118128
47,47,"[1.         1.91814159 2.39677066 2.69803532 3.06353445 3.0690859
 3.38095702 3.50629758 3.68508754 3.69377869 4.00153743 4.09122461
 4.02465532 4.27277914 4.1678104  4.27099605 4.44050275 4.15461965
 4.47486878 4.39598776 4.36952764 4.43363065 4.74355267 4.5698318
 4.7067087 ]","[ 7.76        8.48        8.78        8.55142857  8.88666667  9.15090909
  9.44615385  9.44        9.96588235  9.78       10.2447619  10.41478261
 10.3336     10.70740741 10.23586207 10.29935484 10.56363636 10.22628571
 10.81405405 10.54871795 10.38780488 10.6144186  11.13733333 10.89574468
 11.00693878]",0.4249771476673119,1.94975329086013,4.64480046142074,7.6851044390835,0.9724193977422145
48,48,"[1.         2.17718353 2.88778446 3.28980035 3.56347936 3.97496973
 4.19092249 4.50246795 4.52765182 4.7769142  4.78993918 4.90171008
 4.73536747 4.75201555 5.14249451 5.00431042 5.11747752 5.18754607
 5.14209708 5.30825811 5.25542342 5.10262382 5.17494186 5.3433612
 5.332522  ]","[12.98       12.98       13.532      13.65714286 13.93333333 13.99818182
 14.53384615 14.33333333 14.26235294 14.37263158 14.47809524 14.61652174
 14.1568     14.34592593 14.60758621 14.68709677 14.63818182 14.652
 14.33351351 14.7425641  14.48780488 14.3944186  14.44666667 14.54085106
 14.64489796]",0.060698384813593936,1.2052032680831515,2.3207416560238587,12.569314401641307,0.9042483774974837
49,49,"[1.         1.82982734 2.28745274 2.59914173 2.87196532 3.10175117
 3.01256836 3.15897493 3.13533369 3.22992574 3.31509691 3.41721051
 3.35894083 3.27663728 3.45392432 3.52232639 3.56815819 3.62228061
 3.50034657 3.53852366 3.76473631 3.73513818 3.64979979 3.59641394
 3.62516853]","[7.9        8.52       8.488      8.88571429 9.20222222 9.41090909
 9.13846154 9.244      9.16470588 9.24105263 9.28285714 9.50521739
 9.2296     9.15259259 9.30896552 9.34967742 9.51515152 9.54685714
 9.35513514 9.52512821 9.95268293 9.71674419 9.49866667 9.5
 9.56938776]",0.37189048432459676,1.3467374956759153,4.762460641638674,7.599709692733599,0.923590132898465
50,50,"[1.         2.27547277 2.87211917 3.55004319 3.95022362 4.375983
 4.73342015 5.12714424 5.30239988 5.49166027 5.43955981 5.76117023
 6.00151894 6.13208963 6.03355147 6.27734281 6.51958496 6.86412565
 6.79154689 6.76947503 6.78679169 7.20764085 7.23521152 7.30041363
 7.33779107]","[13.94       14.75333333 14.648      15.04       14.72222222 15.36909091
 15.35692308 15.7        16.22588235 16.04315789 15.98190476 16.45391304
 16.7552     16.71703704 16.14689655 16.85612903 16.95333333 17.67828571
 17.21405405 17.23025641 17.14292683 17.91767442 17.67688889 17.95361702
 18.06693878]",0.7423335158419592,2.363935569453839,11.308401460652517,14.175473927369985,0.9726471155968404
51,51,"[1.         2.18220884 2.97918622 3.45079566 3.84455804 4.04621295
 4.72314913 4.64689136 4.99545176 5.13412222 5.53469763 5.48300147
 5.74314064 5.62618516 6.13780549 6.1325038  5.91988324 6.35757569
 6.38808806 6.21946672 6.21354711 6.63605637 6.73615887 6.90409455
 6.56413002]","[12.8        13.54       13.716      14.15142857 14.00888889 14.03636364
 14.94307692 14.38933333 14.73411765 14.78526316 15.26190476 15.32956522
 15.8016     15.00740741 16.31724138 15.57806452 15.09151515 16.112
 16.17783784 15.53897436 15.5102439  16.15395349 16.74044444 16.65489362
 16.07061224]",0.05723740808552838,2.0836936993985886,3.268367214316184,13.011572143291845,0.9350883710374146
52,52,"[1.         1.89115076 2.37820816 2.6338303  2.96390475 3.02741902
 3.43157637 3.53354528 3.6694243  3.68345118 3.75441872 3.95536349
 3.94410581 4.08495294 4.17321825 4.20344089 4.18527463 4.36218709
 4.33310852 4.33212333 4.40606558 4.27794155 4.34502888 4.62848837
 4.52826613]","[ 8.04        8.40666667  8.512       8.70285714  9.08        9.04545455
  9.70461538  9.85066667  9.71058824  9.89789474  9.82666667 10.04521739
 10.0904     10.19037037 10.5137931  10.29548387 10.36363636 10.46342857
 10.32972973 10.44974359 10.52829268 10.02790698 10.21644444 10.89489362
 10.48816327]",0.22159276380632525,1.7542246376735122,3.3638115902749526,7.7478347584062615,0.9649894900712284
53,53,"[ 1.          2.57142857  3.7525      4.67444444  5.418       6.02995671
  6.54380435  6.98974615  7.36534392  7.73693268  7.96816667  8.23196078
  8.44567134  8.62021337  8.88952969  9.02455981  9.22637924  9.33881774
  9.51843895  9.59266735  9.772434    9.83914127 10.00223554 10.06260245
 10.18622388]","[12.         12.         12.008      12.02       12.04       12.03636364
 12.03846154 12.06533333 12.08588235 12.14842105 12.0552381  12.09478261
 12.1192     12.09259259 12.17241379 12.15419355 12.24424242 12.18
 12.25135135 12.18205128 12.26195122 12.22093023 12.31511111 12.23829787
 12.28571429]",0.22303259926341457,4.546435617632493,16.73351471989977,12.008010336871244,0.9107382922230743
54,54,"[1.         2.25       3.01       3.50833333 3.86       4.157
 4.35666667 4.55094737 4.70670996 4.84144928 4.92944615 5.07301791
 5.09558621 5.28546371 5.28989305 5.32157796 5.38002529 5.46089001
 5.47219628 5.58792812 5.60455687 5.74377644 5.74379898 5.78759065
 5.79034284]","[6.         6.         6.02       6.01428571 6.00444444 6.03818182
 6.03230769 6.048      6.06117647 6.09368421 6.08761905 6.14782609
 6.08       6.21407407 6.16344828 6.13677419 6.14484848 6.192
 6.15405405 6.26051282 6.23073171 6.31348837 6.32088889 6.32340426
 6.30571429]",0.11546595649397443,4.999999999999999,6.761027056486281,5.970707075035665,0.9184064621606048
55,55,"[1.         2.30726363 3.24563732 3.94477211 4.37965606 4.86823252
 5.30430467 5.48302921 5.82516747 5.89725876 6.35345244 6.61102744
 6.64991438 6.71760626 6.87814748 7.21048089 6.9680239  7.60470335
 7.5124922  7.92627658 8.07723931 7.8448045  8.33178991 8.15728068
 8.20549658]","[13.76       14.26       15.068      15.22285714 15.67111111 16.32545455
 16.40307692 16.704      16.66941176 16.52526316 16.96380952 17.74695652
 17.4328     17.31407407 17.8        17.88064516 17.52424242 18.27542857
 18.03621622 18.69487179 19.43365854 18.53023256 19.55155556 18.76085106
 19.22244898]",0.1881015888331729,1.6622072078202816,5.294683903065494,13.713935219244973,0.9777900653379804
56,56,"[1.         1.17179365 1.23912626 1.21432756 1.28879814 1.2437085
 1.25926714 1.28870717 1.30453577 1.30434894 1.29692819 1.29403019
 1.27605362 1.31196695 1.30418193 1.30402576 1.28696223 1.31375962
 1.31580897 1.28232887 1.31354907 1.30798174 1.30022463 1.3181863
 1.31070059]","[1.96       2.4        2.632      2.30571429 2.65777778 2.3
 2.35230769 2.436      2.57647059 2.48842105 2.44666667 2.42869565
 2.4056     2.56592593 2.50068966 2.4516129  2.44121212 2.508
 2.54       2.36358974 2.58146341 2.47395349 2.41333333 2.55531915
 2.50244898]",1043.1987208801772,0.8405561923955014,1.0000000000000022,0.0019159897209698818,0.6360155690997894
57,57,"[ 1.          2.3545508   3.37551011  4.25933202  5.12251894  5.95169968
  6.69171369  7.38364372  8.09565524  8.89027138  9.58479181 10.30830589
 11.11400101 11.68562536 12.39393997 13.04290523 13.92072518 14.52907404
 15.19574353 16.13328787 16.58849303 17.34147155 17.94984863 18.54021934
 19.17100918]","[13.86       15.47333333 17.656      19.5        21.40888889 24.60909091
 26.36       27.87866667 30.21882353 32.87789474 34.7047619  36.63652174
 39.2368     40.79407407 42.81724138 44.0083871  47.58666667 49.40342857
 51.74540541 55.29948718 55.54731707 58.59906977 60.20888889 61.90553191
 64.0077551 ]",0.13283062097921336,1.2030178243011764,1.0000000001060927,11.417017739284184,0.9992341859735628
58,58,"[ 1.          2.54098481  3.70931938  4.71722771  5.53297841  6.28332914
  7.04771045  7.70486206  8.45627822  8.98736567  9.70359085  9.99579637
 10.5192555  11.35852036 11.73762637 12.13626921 12.77474416 13.21484373
 13.85105518 14.33061387 14.84359344 15.68579267 15.93611124 16.78879706
 17.13862495]","[15.5        16.22666667 16.74       17.52285714 18.82444444 18.92
 20.14153846 21.676      22.27529412 23.64631579 24.27619048 24.79565217
 24.5576     27.17851852 26.99517241 27.96387097 29.25818182 28.812
 31.71351351 31.80717949 33.00390244 34.85488372 34.56577778 36.87446809
 37.07346939]",0.5947385547348717,1.587675198403264,9.577286816034697,14.974931588974261,0.9958587035717438
59,59,"[1.         1.96783714 2.38566881 2.70453638 2.79112116 2.87074775
 3.03215042 3.11097195 3.11664761 3.18541785 3.14690554 3.20837672
 3.22414819 3.28805355 3.25864057 3.35987273 3.32513239 3.31943514
 3.2887494  3.39578442 3.36755059 3.38665726 3.32991664 3.39058508
 3.37744715]","[13. 13. 13. 13. 13. 13. 13. 13. 13. 13. 13. 13. 13. 13. 13. 13. 13. 13.
 13. 13. 13. 13. 13. 13. 13.]",0.0,0.0,1.0,13.0,1.0
60,60,"[1.         2.14427171 2.66574019 3.34194901 3.59553537 4.04656649
 3.98952968 4.25847214 4.50771437 4.62808837 4.73211748 5.04089758
 5.14980548 5.13198562 5.35118083 5.18986831 5.32062286 5.32646981
 5.46315898 5.67120593 5.45583564 5.65803309 5.68859665 5.5183367
 5.85015222]","[ 9.          9.43333333  9.56       10.72857143 10.53555556 11.47090909
 10.77846154 11.22       11.85176471 11.78947368 11.85142857 12.09652174
 12.4224     11.96148148 12.61793103 12.12387097 12.56545455 12.37257143
 12.39837838 12.80307692 12.32634146 12.82232558 12.87466667 12.59276596
 13.08163265]",0.22723620763733815,1.531415248889533,3.4089821787422596,8.568313757242679,0.9729871502601741
61,61,"[1.         1.34752203 1.41592107 1.46204881 1.48479001 1.47793117
 1.50358826 1.49916455 1.50637733 1.4933408  1.50406655 1.50576187
 1.5046636  1.51208359 1.51242821 1.50881362 1.5179037  1.51780333
 1.52675744 1.50805147 1.52467728 1.50590279 1.52925832 1.51297073
 1.52304412]","[4.74       5.10666667 5.096      5.24       5.14666667 5.11818182
 5.24153846 5.26       5.15058824 5.17473684 5.16857143 5.08173913
 5.1456     5.22962963 5.20965517 5.18451613 5.1369697  5.15314286
 5.29891892 5.18205128 5.19317073 5.11255814 5.20311111 5.23744681
 5.24      ]",0.30697215876621536,0.8000014681474287,1.00000061671799,3.6378068997076145,0.7592839695642317
62,62,"[1.         2.26306946 3.07974207 3.58317386 4.07677384 4.38494992
 4.59970573 4.89773645 5.23710547 5.28608921 5.56584591 5.61157955
 5.83799848 6.08983974 6.15908615 6.35041503 6.49749207 6.44909999
 6.51478053 6.77646394 6.76930925 6.93474234 7.15083583 6.99902508
 7.2156932 ]","[13.9        14.18666667 14.856      14.97428571 15.44222222 15.36545455
 15.56153846 15.54533333 15.74823529 15.91157895 16.03904762 15.84
 16.1952     16.48       16.79862069 16.84       16.76121212 16.86857143
 16.61783784 16.94769231 17.11365854 17.17860465 17.62355556 17.23276596
 17.79918367]",0.7115405098255371,1.900151385333676,12.357587770584903,13.93432126641768,0.9747573327936704
63,63,"[1.         1.72053908 2.22237366 2.54336243 2.79599224 2.94675448
 3.2975869  3.43274315 3.47485296 3.54075258 3.47530599 3.62696629
 3.62328516 3.86893315 3.84257396 3.99369508 4.01015838 4.11365398
 3.97591846 4.13201866 4.10084113 4.07972188 4.22002865 4.24086732
 4.04713702]","[7.         7.53333333 7.544      7.72       7.86       8.37454545
 8.61230769 9.23733333 8.90235294 9.24105263 8.74095238 9.15478261
 9.1        9.47925926 9.37172414 9.71096774 9.64484848 9.85142857
 9.31567568 9.76051282 9.7097561  9.42976744 9.86488889 9.93148936
 9.20244898]",0.4221500177930041,2.0112111508108574,4.1104606586199495,6.826996795330264,0.9527034357985763
64,64,"[1.         1.84468567 2.24073549 2.43614941 2.8394429  3.10835667
 3.01781275 3.35818611 3.53527733 3.42838019 3.6226231  3.50649043
 3.62843936 3.79935096 3.74238407 3.86078369 3.98994059 3.82846498
 3.94973206 4.01474877 4.12023418 4.22779637 4.10625609 4.20072882
 4.21057831]","[6.94       7.36       7.984      7.83714286 8.32888889 8.66
 8.49538462 8.752      9.30352941 9.06       9.24380952 8.97304348
 8.9704     9.12222222 9.12482759 9.24129032 9.67272727 9.21142857
 9.44054054 9.57384615 9.9195122  9.83534884 9.69688889 9.72468085
 9.68204082]",0.6373536182459353,1.5161209829134248,4.994914542830321,6.555038602447958,0.9720701297264951
65,65,"[1.         1.92663533 2.37587381 2.68592925 2.96385902 3.14799137
 3.529653   3.45912298 3.55973628 3.74331855 3.95474321 3.92686826
 3.95025246 4.15191089 4.16983984 4.10923936 4.30368162 4.40498892
 4.35189796 4.26856205 4.27259682 4.26570311 4.47269628 4.41796916
 4.43423416]","[ 7.76        8.28666667  8.956       8.98857143  9.14        8.99454545
 10.10307692  9.432       9.59411765 10.15473684 10.26952381 10.21043478
 10.0768     10.2562963  10.39103448 10.27870968 10.51636364 10.43085714
 10.73297297 10.41538462 10.44292683 10.23348837 10.47822222 10.16638298
 10.40571429]",0.31956014372440633,1.2173808705003248,3.2417659740857387,7.175645243842114,0.9413922052965504
66,66,"[1.         2.03540122 2.53907236 3.03868001 3.43366595 3.60177188
 3.74642791 4.09843166 4.06502075 4.33913263 4.31370794 4.31543726
 4.29791804 4.5733707  4.59067787 4.62811633 4.72553646 4.64908754
 4.78272337 4.87210784 5.07020666 4.87129625 4.94089155 4.87589669
 4.85644676]","[ 7.9         8.49333333  8.468       9.24571429  9.49777778  9.74363636
  9.84307692 10.584       9.90352941 10.65684211 10.47142857 10.15478261
 10.2544     10.73777778 11.08758621 10.68193548 10.86363636 10.844
 11.03351351 11.2574359  11.45365854 10.88837209 11.27911111 10.97744681
 11.00367347]",0.6664089063647994,1.8075019423770147,6.089143511571631,7.687535117278689,0.9676800818025426
67,67,"[1.         2.17198806 3.09638215 3.39263739 3.81690241 4.0437183
 4.20613378 4.43731464 4.55759645 4.77428534 4.87383431 4.92525381
 5.15238787 5.06576974 5.04219265 5.28832957 5.26213659 5.38293711
 5.34235798 5.40573409 5.41505042 5.52478393 5.52061799 5.60177308
 5.55966649]","[13. 13. 13. 13. 13. 13. 13. 13. 13. 13. 13. 13. 13. 13. 13. 13. 13. 13.
 13. 13. 13. 13. 13. 13. 13.]",0.0,0.0,1.0,13.0,1.0
68,68,"[1.         2.32935692 3.22194362 3.84794908 4.44177473 4.88643153
 5.35387588 5.71418637 5.77280605 5.95639421 6.10561352 6.4734216
 6.82867541 7.04627609 7.04584495 7.69166006 7.57156559 7.49305218
 7.83290482 7.83046117 7.49829912 8.0184316  7.9384844  7.88987979
 8.56754842]","[13.96       14.56       14.912      14.87714286 15.47555556 15.90727273
 16.55230769 16.51466667 16.32588235 16.72631579 17.15142857 16.8226087
 17.6088     18.09111111 18.05931034 18.94774194 18.59393939 18.364
 18.66972973 18.74564103 17.48097561 18.74976744 18.43822222 18.24765957
 19.92040816]",0.20565990947306406,1.9229464968172139,6.063503222708994,13.958325585475615,0.9648225512535624
69,69,"[1.         2.25       3.01666667 3.505      3.88428571 4.15583333
 4.38666667 4.59768421 4.70454545 4.88231884 4.98363077 5.10309524
 5.1185977  5.20910215 5.30629345 5.39455556 5.45683499 5.39669231
 5.55858157 5.55275956 5.61202899 5.67149129 5.70932977 5.79005822
 5.72387357]","[6.         6.         6.02       6.00857143 6.04222222 6.03636364
 6.05230769 6.09733333 6.05294118 6.13368421 6.12952381 6.16
 6.0992     6.1237037  6.14896552 6.19419355 6.21393939 6.12342857
 6.22162162 6.19589744 6.24634146 6.23813953 6.28       6.33531915
 6.2355102 ]",0.11446304125060015,4.9999999999999964,6.918282447571587,5.989305909096823,0.9196602567916885
70,70,"[1.         2.25       3.         3.5        3.88065934 4.13625
 4.3675817  4.57268421 4.69809524 4.82514493 4.93553846 5.09044974
 5.09309031 5.16419355 5.26009135 5.41435948 5.42998736 5.51469028
 5.60507549 5.5379105  5.63312512 5.70573928 5.75445245 5.76219166
 5.75257068]","[6.         6.         6.         6.         6.02666667 6.01636364
 6.04       6.084      6.04470588 6.08421053 6.08571429 6.14086957
 6.0816     6.0962963  6.11655172 6.22258065 6.19757576 6.23428571
 6.29027027 6.18871795 6.24926829 6.30883721 6.31955556 6.29319149
 6.25918367]",0.11522660575391246,4.999999999999854,6.7415911109617825,5.967759550301281,0.9247312062593589
71,71,"[1.         1.83798351 2.45353826 2.69237822 2.94484605 3.20376476
 3.40167963 3.66402084 3.82392681 3.84026206 3.81866787 3.96468286
 3.81952022 4.119137   4.19010851 4.16002622 4.18005781 4.29824109
 4.3685234  4.42244315 4.34564962 4.53379418 4.45710146 4.346791
 4.51399414]","[ 8.06        8.30666667  8.596       9.06857143  9.14666667  9.04909091
  9.46923077  9.99333333  9.94117647 10.13263158  9.9647619  10.22434783
  9.7248     10.55333333 10.48758621 10.45483871 10.33151515 10.66857143
 10.66972973 10.45897436 10.41365854 10.66697674 10.476      10.34297872
 10.46489796]",0.11732653783389042,1.7631232469425187,2.321020708633254,7.757747757545237,0.9566450507183174
72,72,"[1.         2.19163423 2.91352487 3.5941362  4.14410464 4.2941715
 4.74156592 4.93406061 5.18557752 5.42342541 5.47587242 5.72431044
 5.87518577 6.12940061 6.01169033 6.10261704 6.41972277 6.58617246
 6.66837475 6.93264899 6.96742741 6.74103487 7.18368461 7.24250431
 7.16406415]","[13.68       14.13333333 14.56       14.99142857 15.46222222 15.16363636
 15.55230769 15.59866667 15.86352941 15.56315789 15.71714286 16.07217391
 16.544      16.49111111 16.03793103 15.99354839 17.03393939 17.11257143
 17.36054054 17.46358974 17.3102439  16.99023256 17.79511111 18.1987234
 17.51306122]",0.09120305515152809,2.2504311594441764,4.4376941492461635,13.931964625699901,0.9530586431647118
73,73,"[ 1.          2.53031496  3.64199515  4.61184988  5.42926289  6.12771053
  6.87494549  7.59871211  8.23204175  8.7187537   9.17657522  9.79686169
 10.54430963 11.15627044 11.62074538 12.09045623 12.89024474 12.82483511
 13.50827953 13.971483   14.53615909 15.36378933 15.3971446  16.12580742
 16.76229235]","[13.6        14.64       15.912      16.55428571 18.01111111 18.9
 20.06       20.868      21.77882353 21.76210526 22.51428571 23.36347826
 24.9912     26.49925926 27.25034483 27.60064516 29.85272727 28.90971429
 30.05945946 30.52102564 31.69853659 33.75116279 32.88444444 34.96808511
 35.64122449]",0.5893097492526956,1.3786697546340034,7.587576693072276,13.029893774654512,0.9970905013629929
74,74,"[ 1.          2.57428571  3.75875     4.67        5.40768421  6.04580087
  6.54452899  6.98172308  7.33714286  7.6925977   7.95647177  8.26108734
  8.44966667  8.65445235  8.86285897  9.02272474  9.2202094   9.35045411
  9.46698504  9.6885449   9.83530679  9.82877909  9.94720875 10.08753807
 10.17901744]","[12.         12.01333333 12.028      12.00857143 12.00444444 12.08
 12.04       12.06266667 12.05764706 12.07894737 12.1        12.13652174
 12.1184     12.12074074 12.1737931  12.16387097 12.21212121 12.20228571
 12.18216216 12.30923077 12.27804878 12.19860465 12.25733333 12.29021277
 12.32816327]",4.596946004545338,4.999999992476876,29.005564097463928,12.012630743606877,0.938744088933431
75,75,"[1.         1.79649288 2.19987308 2.46846055 2.74599357 3.01753975
 2.98398167 3.16962334 3.5065932  3.3085273  3.59407456 3.81362712
 3.69184155 3.84756877 3.83283954 3.85214691 3.85015535 4.04522486
 4.06309123 4.180353   4.15513542 4.18256155 4.25710698 4.3845029
 4.35561705]","[ 6.78        7.25333333  7.592       7.76285714  8.03333333  8.67636364
  8.32923077  8.75733333  8.98705882  8.56105263  9.17047619  9.52086957
  8.9784      9.27333333  9.17310345  9.23677419  9.17636364  9.68057143
  9.51783784  9.88461538  9.70536585  9.74046512  9.98577778 10.32170213
  9.86285714]",0.37932894246859444,1.69285468595042,3.513458569595582,6.484105582939483,0.9761175157332207
76,76,"[1.         2.14161451 2.7261041  3.35911145 3.82832487 3.99940954
 4.22764499 4.55881789 4.80906101 4.86568777 5.23384867 5.35667041
 5.28065192 5.29986119 5.48683668 5.79870147 5.74776895 6.13983872
 5.97525135 6.12557189 6.37911922 5.9231276  6.01344343 6.467368
 6.49978341]","[12.         12.26       12.636      12.88857143 13.2        13.29090909
 13.49230769 13.832      14.00588235 13.96526316 14.64       14.59043478
 14.1896     13.80962963 14.36827586 14.73419355 15.01212121 15.52685714
 15.01135135 15.24769231 15.5897561  14.90139535 14.64533333 15.7693617
 15.75673469]",0.07345488300869055,2.166952429951945,3.3590586143031653,11.991981042795056,0.9662957065147578
77,77,"[1.         2.19672634 2.93452438 3.63870422 4.08160926 4.36907222
 4.62347088 4.89500887 5.27867829 5.36277904 5.46153844 5.97612865
 6.0866092  6.30126716 6.37644938 6.71844614 6.65325751 7.0146657
 6.94214784 7.03871611 6.97396349 7.25594503 7.69460808 7.46738421
 7.674436  ]","[13.74       14.32       14.556      15.08571429 15.09777778 15.38363636
 15.56923077 15.604      16.19647059 16.25789474 16.10761905 16.99826087
 17.4072     17.48074074 17.19310345 17.82064516 17.88121212 18.47371429
 17.77027027 18.16307692 17.66341463 18.58651163 19.64533333 18.63021277
 19.1077551 ]",0.09794084726609635,2.231331940208815,4.169299008320558,13.867918148944891,0.9816279521257248
78,78,"[1.         1.90484868 2.25991986 2.56062191 2.73057478 2.96029758
 3.21940624 3.20101533 3.24878391 3.55334341 3.64897914 3.76317222
 3.66107338 3.73958361 3.84506618 3.98340499 3.87755159 3.89822455
 4.08866957 4.14365597 4.05469754 4.2111979  4.07071623 4.1497454
 4.19359785]","[6.8        7.22       7.968      8.05142857 7.97333333 8.31636364
 8.77692308 8.832      8.62352941 9.14947368 9.18666667 9.43043478
 8.9528     9.48666667 9.35586207 9.60258065 9.35757576 9.58342857
 9.61405405 9.8374359  9.63219512 9.92697674 9.51511111 9.80212766
 9.76326531]",0.6081984715997578,1.5083173186893053,4.505529969794256,6.359933282865583,0.9770474206638988
79,79,"[1.         1.7459404  2.11761665 2.60335292 2.84174469 3.01518113
 3.03337411 3.20804909 3.52340319 3.62215253 3.71799316 3.56622225
 3.73819861 3.81984495 4.22847844 4.14271089 4.09961179 4.00535203
 4.04525231 4.34037269 4.25074032 4.2500889  4.23394252 4.44032004
 4.33219982]","[ 7.          7.32        7.176       7.97428571  8.09111111  8.41090909
  8.38461538  8.656       9.2         9.21473684  9.68666667  9.33043478
  9.6872      9.56074074 10.45724138 10.33032258  9.90727273  9.80685714
  9.8972973  10.11897436 10.08439024 10.14790698 10.00488889 10.52595745
 10.22857143]",0.589923779636655,1.9623225620468334,4.4241166890499635,6.615266916035586,0.9745656022457572
80,80,"[1.         1.725976   2.04165293 2.42368702 2.44092918 2.5270256
 2.62741905 2.78995565 2.76377532 2.83622806 2.88902874 3.02892739
 3.01837556 2.95429211 3.03699313 3.07033144 3.08607924 3.08826811
 3.03598231 3.10779486 3.03703292 3.08796861 3.1840363  3.09794701
 3.10976875]","[5.72       6.18       6.528      7.05428571 6.96       6.93636364
 6.95692308 7.44       7.01176471 7.36315789 7.1352381  7.68434783
 7.4216     7.25333333 7.32965517 7.64774194 7.37575758 7.61485714
 7.3972973  7.63487179 7.26878049 7.43395349 7.73288889 7.39361702
 7.42285714]",0.4757202061915825,1.2706169501867133,3.1795768784795335,5.139661628836606,0.9221847457938076
81,81,"[1.         1.81672702 2.15674182 2.40784037 2.42654277 2.57146495
 2.73061117 2.66119744 2.86764183 3.02847664 3.17905583 2.96790877
 3.03040988 3.04184222 3.16156326 3.03924346 3.03122366 3.26917576
 3.08595614 3.1307196  3.21498129 3.22995422 3.23867615 3.30574289
 3.36284049]","[6.76       7.26666667 7.524      8.02       7.71111111 7.65454545
 7.95846154 7.684      7.97764706 8.28526316 8.63142857 8.1973913
 8.2072     8.32740741 8.39310345 8.1883871  8.20909091 8.50342857
 8.33675676 8.26       8.51902439 8.55162791 8.45777778 8.48468085
 8.62938776]",0.741467315388164,1.8463711349052392,5.416817023735646,6.58709551742706,0.9405732518382229
82,82,"[1.         2.01925467 2.67480363 3.0002742  3.45189088 3.73615961
 4.02593126 3.95709423 4.17589123 4.56450282 4.53890838 4.54207189
 4.9985538  4.96927735 5.1329823  4.89981638 5.01868642 5.34451012
 5.29840115 5.37860977 5.5596832  5.39525438 5.48953229 5.82258149
 5.75158926]","[ 9.84        9.98       10.48       10.86857143 11.13555556 11.71272727
 11.82923077 11.49333333 11.92117647 12.30526316 12.08857143 12.21043478
 12.8888     12.67555556 12.64206897 12.39741935 12.62787879 12.888
 13.10324324 12.91948718 13.47317073 13.03953488 13.08044444 13.74425532
 13.49755102]",0.289189503508022,1.7083472159317872,4.621215870353114,9.51546918986616,0.9829776060217508
83,83,"[1.         1.43722222 1.64850567 1.66999063 1.75898617 1.8003339
 1.79635127 1.80603309 1.83792615 1.87811286 1.87599674 1.88420334
 1.89509022 1.89748737 1.8927019  1.91234044 1.91810087 1.94498923
 1.89490345 1.94406096 1.95889351 1.95468694 1.93736397 1.96635653
 1.92258399]","[3.68       4.5        4.584      4.39428571 4.60222222 4.65090909
 4.58       4.68133333 4.57058824 4.75263158 4.64       4.68608696
 4.72       4.71925926 4.67241379 4.74774194 4.74727273 4.69885714
 4.58162162 4.82102564 4.87073171 4.7055814  4.74044444 4.87489362
 4.67673469]",0.5709202306559295,0.8000000000000002,1.0133353922338282,2.427285340084835,0.864423825911378
84,84,"[1.         2.08208469 2.74032551 3.13153908 3.52207652 3.84438114
 4.06899423 4.32286277 4.53990578 4.59966557 4.85082004 4.92027038
 4.98342648 5.19481932 5.15647745 5.37326006 5.37661216 5.33049637
 5.45920738 5.85639226 6.10536838 5.88765205 6.00506733 5.97841237
 6.133797  ]","[10.78       11.22666667 11.412      11.57428571 12.07555556 12.69090909
 12.61076923 12.94933333 12.94       12.88       13.59142857 12.97565217
 13.2056     13.31777778 13.09241379 13.64       13.59090909 13.32628571
 13.47621622 14.08358974 14.65560976 14.24325581 14.28444444 14.26595745
 14.70163265]",0.1499956514704079,1.7875039594391327,3.7744225716826825,10.64625424453387,0.9626874487163212
85,85,"[1.         1.95092247 2.44519623 2.84835813 3.23021646 3.3428533
 3.51531314 3.68030211 3.86331848 4.0541789  4.10517585 4.22122324
 4.35448624 4.4364621  4.38277173 4.76944696 4.90451652 4.74451991
 4.96797859 4.97352867 5.27396001 4.97718667 5.03715881 5.14109518
 5.26457317]","[ 8.82        8.86666667  9.376       9.60857143 10.37555556 10.30909091
 10.39692308 10.35066667 10.84705882 10.74210526 10.9447619  11.00434783
 11.1152     11.37259259 11.11034483 11.72064516 12.08545455 11.59314286
 12.04378378 11.8625641  12.57121951 11.88       12.28933333 12.05914894
 12.50204082]",0.3114587201492504,1.9637112203952463,4.366453605252245,8.566194121489922,0.9815075613692236
86,86,"[1.         2.11257318 2.80195828 3.16798502 3.59871857 3.67858193
 4.15824238 4.36182386 4.4940511  4.68104157 4.8054604  4.94810759
 5.12341147 5.30239494 5.45726967 5.7194201  5.40961133 5.68209309
 5.63969352 5.82796147 5.74768527 5.95031118 6.02195084 6.32573845
 6.10158998]","[10.7        11.54666667 11.996      11.62       11.98222222 12.42181818
 12.38769231 13.22666667 12.78352941 13.18       13.18952381 13.2026087
 13.7192     13.97555556 14.01586207 14.75354839 13.57454545 14.37371429
 13.99351351 14.52358974 14.04585366 14.3372093  14.54088889 15.02510638
 14.69714286]",0.13398041961869914,1.9110120542814946,3.6062291904090604,10.767413620028465,0.9611632924972369
87,87,"[1.         2.3465419  3.29929442 4.02374424 4.45713814 5.00877827
 5.31181229 5.62803472 6.17749337 6.55791656 6.63361333 6.74265526
 7.26109492 7.17331887 7.54506558 7.43643474 7.59110944 7.98518835
 8.02340708 8.24947752 8.25976826 8.79681899 8.48703554 9.14578588
 8.9554477 ]","[17.68       18.31333333 18.96       19.         18.68888889 19.22181818
 19.59692308 19.91066667 20.20705882 20.97578947 20.34285714 20.28695652
 22.02       20.99037037 21.01655172 20.6916129  20.87454545 21.568
 21.92324324 22.06102564 22.10097561 23.13116279 22.42666667 23.59404255
 23.35306122]",0.19079567999684247,2.4730549406692006,7.699567348368622,18.09565818450769,0.9521415411968128
88,88,"[1.         2.37433793 3.15627019 3.85920955 4.44189626 4.9678484
 5.39377288 5.47283301 5.69745708 6.11587178 6.2978009  6.61536319
 6.75929111 6.79319147 7.28630774 7.18073526 7.21098982 7.5337427
 7.70840772 7.29112754 7.84000035 7.72227055 8.07120703 7.88904751
 8.26829801]","[17.32       17.37333333 17.512      17.69714286 17.98       18.46727273
 18.60923077 18.49733333 18.87176471 19.09368421 19.04       19.25217391
 19.5168     19.43925926 20.06689655 19.75741935 19.91757576 20.21485714
 20.18918919 19.43076923 20.27121951 20.01348837 20.54488889 19.98255319
 20.5277551 ]",0.64954247314988,2.0700616816499062,14.525660985223354,17.135401934446882,0.9773580446712999
89,89,"[1.         2.07966212 2.61551708 3.09514751 3.32801965 3.60215605
 3.7712493  3.75723807 4.29945075 4.37054864 4.70056016 4.84027551
 5.08290288 4.74823165 5.09694211 5.12393999 5.11010502 5.49243537
 5.20325681 5.31110815 5.39743091 5.58238032 5.45621071 5.54394816
 5.43058232]","[10.         10.51333333 11.172      11.16       10.82444444 11.05090909
 11.22769231 11.10533333 12.06823529 12.01157895 12.48761905 12.69043478
 13.0352     12.14962963 12.8862069  12.85096774 12.74545455 13.66171429
 12.71243243 12.76051282 12.77707317 13.28372093 12.99244444 13.16893617
 13.00122449]",0.14946945930104774,2.1962542031144543,3.939493839992702,10.0732077313875,0.9439673866254832
90,90,"[1.         2.20424449 2.96225267 3.63032331 4.11029764 4.27871392
 4.74375599 4.9914732  5.07913767 5.62792147 5.6235239  5.78507531
 5.89254429 6.32992662 6.27426992 6.33934868 6.56501453 6.7200138
 6.39627926 6.66536559 6.91959428 6.95374401 7.14861717 6.8593839
 7.23404053]","[14.02       14.18       14.628      14.76857143 15.32666667 15.15636364
 15.59230769 15.93866667 15.63294118 16.44210526 16.20761905 16.32608696
 16.2008     16.98962963 16.63241379 16.70387097 17.01939394 17.552
 16.2        16.90871795 17.62878049 17.20046512 17.75288889 17.0293617
 17.53877551]",0.7433108585130234,1.9482648073909044,12.253998663399887,13.915233922568627,0.9592108135052517
91,91,"[1.         2.20306313 2.96806623 3.58062276 4.12832818 4.4255795
 4.81031652 4.89610969 5.19183697 5.43963798 5.49462168 5.83785152
 5.97491744 6.26126923 6.44645199 6.48103442 6.61541329 6.479684
 6.9060489  6.68077666 6.8607529  6.94843809 6.99896962 7.10329168
 6.9298381 ]","[13.84       14.32666667 14.492      14.80857143 15.31111111 15.24
 15.97076923 15.52266667 15.52941176 15.88421053 16.01809524 16.6573913
 16.2272     17.21555556 17.46689655 17.14709677 17.10363636 16.85142857
 17.90864865 17.09282051 17.10634146 17.19348837 17.41777778 17.39531915
 16.86530612]",0.1186941130327491,1.8064747008928428,4.464562818175594,13.757317987945134,0.942609542370823
92,92,"[1.         1.97492073 2.55236193 2.88595967 3.24330533 3.37418991
 3.56504956 3.68711422 3.98224493 4.11802291 4.45358468 4.42157179
 4.45409612 4.60769313 4.54999071 4.55818631 4.80879548 4.76918773
 4.90583754 4.88946622 4.73363138 5.07494383 5.25935793 4.94299934
 5.26229127]","[ 8.76        9.3         9.468       9.74857143 10.14666667 10.18181818
 10.46769231 10.15333333 11.06470588 11.11473684 11.83238095 11.4
 11.3576     11.54518519 11.71172414 11.36193548 11.83878788 11.504
 11.88702703 11.75333333 11.26634146 11.96372093 12.132      11.60638298
 12.30979592]",0.2802422329051533,1.65807915181792,3.9792751191805906,8.464768045252843,0.9602173264967724
93,93,"[1.         2.20390638 2.93804429 3.46875728 3.93935784 4.28332615
 4.51955785 4.82878849 5.0526962  5.44754855 5.3079632  5.40657852
 5.69899636 5.60718406 5.98289399 6.35562217 6.06568011 6.38357138
 6.45013656 6.47738807 6.2664858  6.59143086 6.62549373 7.17780602
 7.06935285]","[12.68       13.69333333 13.712      13.91142857 14.63111111 14.62545455
 14.41692308 14.92933333 15.10235294 15.70105263 15.02571429 15.0573913
 15.56       15.07925926 16.00413793 16.72774194 15.58787879 16.53885714
 16.27621622 16.19282051 15.44682927 16.34139535 16.06933333 17.46255319
 16.95061224]",0.08112031949129017,1.9168957262658208,3.5293304750677894,12.937003271342395,0.929853821924393
94,94,"[1.         1.67420089 2.08116659 2.21071973 2.42898733 2.57103994
 2.59591788 2.7466833  2.734822   2.81544118 2.87176066 2.777178
 2.89192691 2.9704623  2.95067708 2.9188046  2.86632704 2.85934663
 2.95403995 2.91060034 3.03984154 2.97149869 2.95567394 2.99250801
 2.98133718]","[5.92       6.56       6.58       6.94857143 6.88666667 7.22545455
 7.07538462 7.40666667 7.24235294 7.38       7.5447619  7.19043478
 7.3344     7.58740741 7.41793103 7.41290323 7.20363636 7.09714286
 7.45621622 7.26102564 7.51219512 7.45209302 7.46666667 7.5187234
 7.31102041]",0.5042469705805794,1.1454791633363646,3.7352868246160984,5.3552976659105065,0.9124167617431326
95,95,"[1.         2.18104259 3.0192416  3.54422281 3.95706803 4.39911671
 4.57647744 5.00091447 5.4302278  5.2951337  5.71794313 5.74416189
 6.0066041  6.0236393  6.12723257 6.38229145 6.44449454 6.4091406
 6.74150348 6.75384829 7.01181024 7.25095876 7.40682069 7.26240138
 7.10206172]","[13.9        14.42       14.8        15.13142857 15.26       15.46727273
 15.4        15.79466667 16.24470588 16.08210526 16.65142857 16.09565217
 16.656      16.54888889 16.67103448 16.60258065 17.00060606 16.67885714
 17.50108108 17.06820513 17.69512195 17.82232558 18.37244444 17.87489362
 17.32857143]",0.004829692352210498,2.0241156421068895,1.0000000001198133,14.049795315854821,0.9704591488378846
96,96,"[1.         2.2525015  3.04478389 3.54954123 4.14212566 4.42735127
 4.84254733 5.01619827 5.29003518 5.36317111 5.6923282  5.92284112
 5.89006835 6.00260817 6.46469544 6.48258059 6.41989828 6.91189736
 6.71575685 6.93831881 6.99402637 7.0340964  7.26770057 7.07541756
 7.2909082 ]","[14.02       14.13333333 14.936      15.14       15.25555556 15.39454545
 15.76769231 15.76266667 15.55411765 15.56315789 16.57904762 16.48521739
 16.3432     16.55259259 17.06137931 17.22580645 16.69393939 17.40571429
 17.27459459 17.56153846 17.25073171 17.28325581 18.08133333 17.6012766
 17.68938776]",0.13176616204088148,2.0843101825734323,5.196408825577145,14.040455437594709,0.9651628066701435
97,97,"[1.         1.8473567  2.35495363 2.78712735 2.9347589  3.0918463
 3.423655   3.70767278 3.58055047 3.70051712 3.82558543 3.83667845
 4.05862779 4.18521544 4.01716913 4.23704081 4.23729205 4.36544353
 4.09537118 4.3780103  4.37176931 4.4335961  4.452468   4.35867747
 4.25948159]","[ 8.06        7.79333333  8.664       9.36285714  8.90666667  9.10181818
  9.48307692 10.07733333  9.76588235  9.76315789  9.89904762 10.11043478
 10.1944     10.46518519 10.17724138 10.39290323 10.45757576 10.536
  9.98918919 10.51435897 10.55463415 10.45488372 10.52355556 10.20170213
 10.15877551]",0.24338807674806914,1.5981768572019064,3.2582158061195687,7.547263012333047,0.941228557014282
98,98,"[1.         1.7462687  2.30340283 2.36911691 2.72893661 2.9357254
 3.0903125  3.35097543 3.32378513 3.51350451 3.53548984 3.38310275
 3.79754098 4.01321546 3.81160058 3.96563854 3.83867725 3.95526231
 3.85705506 4.14996238 4.01334282 4.17272627 4.09524981 4.0143366
 4.23333205]","[7.06       7.28       7.816      7.48571429 8.41111111 8.25636364
 8.39846154 8.816      9.02941176 9.15578947 8.85904762 8.46521739
 9.5984     9.52666667 9.36413793 9.61935484 9.21151515 9.74285714
 9.24054054 9.66410256 9.41121951 9.90604651 9.65466667 9.52510638
 9.98244898]",0.34078046666419026,1.9646042809157864,3.6521327798659806,6.80593029840291,0.9565566956007687
99,99,"[1.         2.25546616 2.94780119 3.61562911 3.96426276 4.43626138
 4.80258058 5.03861377 5.31456978 5.52069255 5.56239397 5.66383045
 6.04260336 6.18062811 6.0890009  6.21217658 6.56852687 6.38790442
 6.14728009 6.4746377  6.82535662 6.67601954 6.985911   7.13898037
 6.85918609]","[13.62       14.11333333 14.336      14.96857143 15.17555556 15.91454545
 15.68153846 16.40533333 16.06235294 16.31684211 16.08380952 16.08869565
 16.74       16.98962963 16.53034483 16.61096774 17.04848485 16.58628571
 16.05837838 16.69128205 17.1297561  17.08046512 17.236      17.55021277
 16.96530612]",0.7785872873776539,1.180910672383915,15.171598918668002,13.120044763487359,0.9496985818892048
100,100,"[1.         1.81022683 2.13314233 2.50311688 2.66661688 3.00575834
 3.12436879 3.53482454 3.32200048 3.56956473 3.64631539 3.79392901
 3.83588636 3.7166862  3.66229973 3.67873313 3.74882868 3.78355575
 4.11605378 4.07876249 4.19671265 4.02002365 4.06180228 4.05279963
 4.02263948]","[6.82       7.22666667 7.492      7.81714286 7.95111111 8.75272727
 8.71230769 9.23466667 8.99529412 8.88421053 9.09238095 9.60347826
 9.6592     8.87037037 8.96896552 9.14387097 9.21454545 9.02285714
 9.71675676 9.81948718 9.81853659 9.37395349 9.57066667 9.25446809
 9.37877551]",0.6470477119547885,1.3851429609222097,4.653910540223796,6.237638923284692,0.9410436634426266
101,101,"[1.         1.4086105  1.54862091 1.6741882  1.70951303 1.82012927
 1.85453436 1.89503345 1.89766534 1.90465624 1.91116253 1.92668359
 1.92682598 1.93154642 1.99394907 1.92916923 1.99127432 1.9529564
 1.97871655 2.00677615 1.9594025  1.99838734 1.95617747 2.01218812
 1.96454852]","[3.78       4.4        4.412      4.72571429 4.50222222 4.90545455
 4.88461538 5.00666667 5.02352941 5.07473684 5.00761905 5.12347826
 4.9592     4.91407407 5.21172414 4.97806452 5.05575758 4.96514286
 4.99189189 5.06717949 4.91512195 4.98697674 4.94488889 5.
 4.90408163]",0.8350636329344691,0.8000000001997251,1.000006838258949,2.061796976975154,0.9149059018287803
102,102,"[1.         2.33569859 3.28561663 3.88742137 4.30815165 4.6111441
 5.14619047 5.30427199 5.47960754 5.73015912 5.95943728 6.02574091
 6.0164407  6.18695748 6.18095127 6.19356866 6.53668604 6.45610269
 6.37383715 6.6741909  6.68887399 6.5692953  6.66793461 6.64219769
 7.01153075]","[17.7        18.5        18.572      18.75428571 18.64888889 18.62363636
 19.27076923 19.21866667 19.56       19.54210526 19.54952381 19.6826087
 19.3072     19.3837037  19.12       19.01290323 20.02727273 19.25428571
 19.07189189 19.30512821 19.57219512 19.22697674 19.27466667 19.11319149
 19.9244898 ]",0.5281461844422067,0.8000000000641753,41.728034045997774,17.371270104101402,0.7122724264858427
103,103,"[1.         2.18526213 2.91726015 3.52429328 3.62767785 4.11873837
 4.18633375 4.5044452  4.66766286 4.77539067 4.94261657 4.8342495
 5.05244961 5.21413786 5.27332893 5.30521046 5.16677673 5.26236641
 5.29257226 5.49033176 5.44976609 5.60172006 5.54072886 5.58125203
 5.49313533]","[14.         14.44666667 14.724      15.10857143 14.76222222 15.22181818
 14.78       15.03066667 15.13647059 15.13894737 15.55333333 14.72347826
 15.1896     15.14740741 15.39724138 15.61225806 15.04969697 15.32514286
 15.19405405 15.53128205 15.64731707 15.60883721 15.556      15.58468085
 15.12408163]",0.17350997747655492,1.0175165505537673,7.9335630293624435,13.770533816823354,0.7494202480548852
104,104,"[1.         1.83415368 2.35514832 2.72180848 3.01765352 3.20566472
 3.33030752 3.45812686 3.48962956 3.73017539 3.95944721 4.05153801
 4.19266718 4.21058463 4.29679672 4.25188287 4.22592822 4.41735767
 4.39827788 4.71656451 4.61997672 4.48922318 4.65791259 4.66801365
 4.82177263]","[ 7.94        8.3         8.44        9.04        9.29777778  9.5
  9.55692308  9.67066667  9.39647059  9.68947368 10.38380952 10.13478261
 10.7056     10.29259259 10.43586207 10.43741935 10.19818182 10.58742857
 10.47027027 11.11333333 10.98390244 10.67162791 11.08933333 10.81191489
 11.15510204]",0.1575297775920777,1.8092664315114264,2.7179268327457478,7.715314945887119,0.972945491733245
105,105,"[1.         1.97643008 2.46863466 2.82027313 3.25867895 3.33947254
 3.63613223 3.81486483 3.94969765 4.23622002 4.33128914 4.36541202
 4.43682854 4.61435475 4.54941617 4.8013554  4.73878618 4.72955797
 4.7242713  5.07434383 4.91341739 5.13038379 5.25444554 4.90210449
 5.1513151 ]","[ 8.76        9.36666667  9.652      10.05142857 10.46444444 10.14909091
 10.56769231 10.92666667 11.06941176 11.29789474 11.29809524 11.81304348
 11.2128     11.67333333 11.37310345 11.84580645 11.62060606 11.65885714
 11.6        12.15282051 11.9195122  12.16418605 12.432      11.6
 12.16530612]",0.22643121743585287,1.4675905527213293,3.2679368249078498,8.433413305345239,0.9737933440798018
106,106,"[1.         1.94225217 2.37786345 2.77593816 3.05556599 3.24554006
 3.2053523  3.45084986 3.72971323 3.82334366 3.86608222 4.00662886
 4.20626403 4.21300874 4.45520588 4.26985464 4.25285555 4.34093147
 4.25689593 4.4400729  4.56873561 4.61254786 4.92482693 4.76566649
 4.87415859]","[ 7.96        8.54666667  8.88        9.05714286  9.73111111  9.38545455
  9.31692308  9.3        10.07176471 10.08842105  9.81238095 10.14608696
 10.6416     10.51925926 11.06206897 10.42645161 10.44424242 10.59371429
 10.30594595 10.7225641  10.7897561  10.83860465 11.46355556 10.97361702
 11.22571429]",0.15392634996182578,1.8447331323275309,2.8035921966372435,7.876319428142717,0.9620741183212238
107,107,"[ 1.          2.30088873  3.26272283  3.98720172  4.61387747  5.17415025
  5.58201147  6.18173376  6.45745617  6.97509462  7.25601649  7.4812174
  7.89286235  8.36816399  8.51062084  8.93512618  9.0185672   9.10311539
  9.37475907  9.44557362  9.5770302   9.69581027 10.10305856  9.99780285
 10.17405534]","[18.88       19.52666667 20.7        21.89142857 22.87333333 23.71272727
 24.74461538 25.87066667 26.52352941 27.62526316 28.38857143 28.6
 29.3568     31.59851852 31.07241379 32.6316129  32.84181818 32.81542857
 33.48324324 33.58461538 33.38926829 34.0427907  35.47911111 34.63702128
 34.86244898]",0.8010316111717909,1.5892762269066063,9.054121488925436,18.04716546320418,0.9965489550801989
108,108,"[1.         1.22382295 1.27426178 1.3144489  1.34296333 1.33732459
 1.35302412 1.35399343 1.36076664 1.37170856 1.39179052 1.36753104
 1.37382309 1.37987071 1.37680482 1.36260403 1.38094422 1.38663902
 1.37351001 1.38633546 1.37313101 1.38138903 1.36570384 1.3864419
 1.3799599 ]","[2.72       3.37333333 3.244      3.36285714 3.39777778 3.21454545
 3.29692308 3.30266667 3.35176471 3.34315789 3.44380952 3.39043478
 3.3544     3.35925926 3.38827586 3.28387097 3.37333333 3.37942857
 3.31135135 3.39538462 3.28292683 3.29906977 3.244      3.37106383
 3.28938776]",1.8435138298958333,0.8000000000000002,1.0000133031854095,0.9928933790064559,0.7139919375168304
109,109,"[1.         1.43052372 1.65858364 1.71092519 1.81143247 1.78686584
 1.7796271  1.80087458 1.85720951 1.8231719  1.88135225 1.90512926
 1.87898597 1.90565986 1.90399715 1.89596523 1.91701009 1.91021084
 1.9189124  1.94360647 1.94482251 1.93263732 1.94885238 1.9660588
 1.95907209]","[4.42       4.30666667 4.724      4.61428571 4.71777778 4.58
 4.59076923 4.63733333 4.72352941 4.56105263 4.65047619 4.8026087
 4.7304     4.76740741 4.71931034 4.75032258 4.7        4.57657143
 4.68648649 4.81948718 4.72780488 4.78604651 4.75288889 4.82042553
 4.76040816]",0.025140961496923023,4.654120228388084,1.4723573339941,4.360103303415472,0.6596961286346196
110,110,"[1.         1.79351025 2.04782761 2.44633112 2.64548708 2.58226264
 2.75139971 2.74615628 2.82143109 2.87218614 2.85189254 2.94308631
 3.00168602 2.9696738  2.93527659 3.00268348 2.92482344 3.00305254
 3.00352244 3.0055407  3.04548812 3.11799268 2.95208751 3.12858295
 3.01824755]","[8.32       7.98       8.444      8.56285714 8.73777778 8.68181818
 8.77692308 8.48933333 8.73058824 8.77052632 8.76952381 8.92347826
 8.8184     8.95111111 8.85862069 8.88709677 8.79454545 8.99771429
 8.77513514 8.9225641  8.95317073 9.00465116 8.82222222 9.05829787
 8.74163265]",0.3068777138044235,3.7321569169364825,4.213464424673078,8.183238792641154,0.8069597603383073
111,111,"[1.         1.83976188 2.35490085 2.7973906  2.92928284 3.30146381
 3.33327443 3.57147702 3.64691132 3.75397764 3.69208095 3.9913376
 4.00411925 4.13689381 4.06681468 4.00311653 4.1779254  4.27120771
 4.38862109 4.33247173 4.40405765 4.19865007 4.51192828 4.43615813
 4.39414358]","[ 7.7         8.22        8.372       8.98857143  8.89333333  9.68
  9.41846154  9.84266667  9.72705882  9.78        9.67904762 10.37478261
 10.404      10.2362963  10.1737931  10.03806452 10.34606061 10.62285714
 10.59027027 10.5625641  10.39268293 10.13116279 10.748      10.43489362
 10.43469388]",0.3571212398761322,1.4913583538980029,3.776371825080198,7.290085698613893,0.967637209798578
112,112,"[1.         1.90241473 2.46056457 2.72796865 2.94276485 3.02344254
 3.16263904 3.5376625  3.51339958 3.6457037  3.79471661 3.91743193
 3.99568034 4.14562613 4.16104533 4.12620537 4.30586164 4.10809625
 4.22092482 4.15812782 4.40539826 4.38461746 4.41257315 4.36436873
 4.35102311]","[ 7.94        8.3         9.004       8.96285714  8.86        8.87090909
  9.10153846  9.89466667  9.61176471  9.55157895  9.82285714 10.20869565
 10.1208     10.51925926 10.23793103 10.07419355 10.35212121 10.156
 10.38       10.14512821 10.34097561 10.48697674 10.66222222 10.38382979
 10.30693878]",0.11053696611982695,1.8326996447824804,2.3333656034167074,7.759240134938243,0.9550051918985479
113,113,"[1.         2.20704217 2.98845578 3.51370354 4.09730973 4.6196061
 4.73081486 4.99062226 5.23499842 5.51625465 5.63275689 5.91776919
 5.9342874  5.85347859 6.13561379 6.18919659 6.2608078  6.48266076
 6.62794654 6.98125828 6.76930863 7.22955399 6.92001265 7.03492297
 7.10201229]","[13.78       14.1        14.572      14.83428571 15.30222222 15.72181818
 15.68769231 15.704      15.80352941 16.23578947 16.12857143 16.51478261
 16.6248     16.32       16.74206897 16.60322581 16.52181818 16.64457143
 17.04648649 17.54051282 16.89853659 17.70139535 17.19333333 17.3212766
 17.6555102 ]",0.13019749416683576,1.6256198561982809,4.436085005529822,13.623755141819915,0.9825742940206575
114,114,"[1.         1.83463645 2.36713974 2.66848601 3.08471675 3.25201174
 3.39888924 3.48108796 3.77019993 3.54830775 4.02069017 3.98164418
 4.07308205 3.93211113 4.22293471 4.03790119 4.26089402 4.23294313
 4.27769815 4.27858085 4.3232908  4.30490711 4.54502787 4.52883005
 4.54554508]","[ 7.76        8.3         8.564       8.83428571  9.61111111  9.30363636
  9.56307692  9.59866667 10.20705882  9.65894737 10.30761905  9.81826087
 10.3528     10.0162963  10.6462069   9.92774194 10.4830303  10.49657143
 10.32918919 10.30410256 10.33707317 10.29906977 10.89644444 10.74978723
 10.75877551]",0.20825443773020444,1.5072757806458594,2.746201839446219,7.4254843175925584,0.9592763550978936
115,115,"[1.         1.45917388 1.62160308 1.67519011 1.71219686 1.81238044
 1.80152597 1.82887679 1.86825701 1.85688642 1.84665747 1.88762338
 1.90434115 1.87381419 1.93872005 1.8864131  1.9544803  1.95656693
 1.94789395 1.92295965 1.94227186 1.94200807 1.94327642 1.93306694
 1.93777209]","[3.74       4.56       4.632      4.58857143 4.46444444 4.68363636
 4.66769231 4.724      4.77411765 4.63052632 4.62380952 4.7026087
 4.7568     4.63333333 4.78137931 4.66387097 4.77212121 4.74685714
 4.88162162 4.81846154 4.7804878  4.68697674 4.70577778 4.7306383
 4.71306122]",0.47685050708770216,0.8000000000000003,1.0000037033644824,2.634346988390857,0.8419656855762369
116,116,"[1.         2.11161611 2.86596312 3.32938296 3.75578828 3.94325727
 4.09058772 4.32213874 4.40675041 4.6501441  4.67402266 4.78802299
 4.67239293 4.81717222 4.87338052 5.02226969 5.00891082 5.0913105
 4.96620117 5.17371494 5.23296673 5.24937882 5.29828046 5.16751953
 5.27773225]","[13.04       13.12       13.672      13.61714286 13.8        14.26363636
 14.10153846 14.10666667 14.24941176 14.41368421 14.38380952 14.32869565
 14.064      14.29777778 14.29172414 14.62       14.41151515 14.72628571
 14.15459459 14.4825641  14.45804878 14.74046512 14.692      14.46170213
 14.47877551]",0.23150517322294165,1.4365498901873741,7.583083761320236,12.818012756594282,0.8992089620709991
117,117,"[1.         2.18155656 2.92854623 3.47242534 3.75641653 3.89872755
 4.34139538 4.50984464 4.74831365 4.85056705 5.24553267 5.31891843
 5.28506866 5.55276321 5.72818144 6.04144855 5.58061063 6.2262945
 5.97140605 6.27728265 6.22985842 6.0092379  6.12990218 6.69911194
 6.57796981]","[11.68       12.1        12.612      13.27428571 13.04666667 12.81454545
 13.74461538 13.94533333 13.80352941 13.82315789 14.64095238 14.51565217
 14.144      14.84148148 14.67103448 15.61354839 14.39030303 15.56
 14.80324324 15.48923077 15.24682927 14.55953488 14.83644444 16.03319149
 16.01102041]",0.0906380910783949,1.8496341055492118,3.149844773018652,11.627844599288043,0.9497650947359818
118,118,"[1.         2.10542405 2.70725814 3.26906595 3.59641726 3.76910953
 4.14119928 4.21031767 4.41365273 4.82646123 4.64305042 5.07580339
 5.12761007 5.27060914 5.19884496 5.60522657 5.64225244 5.86751524
 5.81859631 6.07512582 5.85141797 6.4141239  6.25803915 6.66563542
 6.8309461 ]","[10.7        11.3        11.472      12.48571429 12.25777778 12.48545455
 12.96769231 12.952      12.88235294 13.47052632 12.95333333 13.95304348
 13.8792     13.8237037  13.6462069  14.79806452 14.62909091 14.908
 14.82702703 15.35435897 14.38926829 15.79953488 15.27866667 16.31319149
 16.57142857]",0.16754818368305477,2.1371579577463566,4.016895544276454,10.813542601874596,0.9804840455394949
119,119,"[1.         2.14289225 2.73211769 3.31228357 3.57624039 3.86506552
 4.23220511 4.26903911 4.53299094 4.75525283 4.6793908  4.77239104
 4.98494128 5.30627921 5.30538774 5.2307717  5.36913746 5.58693793
 5.61178887 5.41474424 5.80678648 5.59963087 5.68761672 5.74831148
 6.01469698]","[10.54       11.58666667 11.776      12.52285714 12.49555556 12.59454545
 12.82769231 12.51333333 12.88235294 13.20947368 12.8247619  12.98086957
 13.148      13.85555556 13.63517241 13.43225806 13.32727273 14.06628571
 14.15675676 13.39076923 14.34585366 13.81813953 13.92933333 13.65617021
 14.45387755]",0.13876279023663723,1.3119799421202456,2.8871176339952354,10.399786873467955,0.9366655756451961
120,120,"[1.         2.27025055 2.86892282 3.29107025 3.644655   3.810045
 3.9805257  4.15503598 4.29533444 4.3840164  4.42565701 4.58627768
 4.50005091 4.52952798 4.58247937 4.64054849 4.68239334 4.65143054
 4.71463069 4.77731895 4.72972987 4.75200543 4.83372666 4.81814695
 4.82695973]","[19.         19.23333333 19.168      19.28571429 19.11333333 19.21818182
 19.21692308 19.21733333 19.35411765 19.27052632 19.30095238 19.58956522
 19.136      19.28074074 19.36344828 19.28064516 19.35515152 19.20285714
 19.28702703 19.31948718 19.27317073 19.2227907  19.25155556 19.33914894
 19.3077551 ]",0.0,0.0,1.0,19.263510352303015,1.0
121,121,"[1.         1.29697789 1.39189504 1.47063823 1.45645079 1.47396843
 1.47372005 1.48829047 1.49932435 1.49643501 1.50093619 1.52168375
 1.50838139 1.50718493 1.51605075 1.51212518 1.51915496 1.52553603
 1.51039779 1.50260209 1.52369605 1.51878708 1.51371232 1.52049188
 1.51521496]","[4.82       4.85333333 5.028      5.25714286 5.16444444 5.09272727
 5.10615385 5.14133333 5.17882353 5.17578947 5.24857143 5.31652174
 5.3232     5.07851852 5.28068966 5.24967742 5.2969697  5.26514286
 5.19405405 5.11333333 5.19512195 5.15860465 5.16844444 5.30340426
 5.14408163]",0.04319298239600335,4.9999999999204805,1.2537283381149857,4.696895435716924,0.7198315078818588
